"filename", "language", "JavaScript", "Properties", "JSON", "Vue", "HTML", "CSS", "SCSS", "YAML", "XML", "comment", "blank", "total"
"d:\college\contest\xzs(org)\xzs-mysql-master\xzs-mysql-master\source\vue\xzs-admin\.env", "Properties", 0, 1, 0, 0, 0, 0, 0, 0, 0, 0, 1, 2
"d:\college\contest\xzs(org)\xzs-mysql-master\xzs-mysql-master\source\vue\xzs-admin\.eslintrc.js", "JavaScript", 17, 0, 0, 0, 0, 0, 0, 0, 0, 0, 1, 18
"d:\college\contest\xzs(org)\xzs-mysql-master\xzs-mysql-master\source\vue\xzs-admin\babel.config.js", "JavaScript", 5, 0, 0, 0, 0, 0, 0, 0, 0, 0, 1, 6
"d:\college\contest\xzs(org)\xzs-mysql-master\xzs-mysql-master\source\vue\xzs-admin\package-lock.json", "JSON", 0, 0, 29106, 0, 0, 0, 0, 0, 0, 0, 1, 29107
"d:\college\contest\xzs(org)\xzs-mysql-master\xzs-mysql-master\source\vue\xzs-admin\package.json", "JSON", 0, 0, 79, 0, 0, 0, 0, 0, 0, 0, 1, 80
"d:\college\contest\xzs(org)\xzs-mysql-master\xzs-mysql-master\source\vue\xzs-admin\postcss.config.js", "JavaScript", 5, 0, 0, 0, 0, 0, 0, 0, 0, 0, 1, 6
"d:\college\contest\xzs(org)\xzs-mysql-master\xzs-mysql-master\source\vue\xzs-admin\public\admin\components\echarts\echarts-en.common.js", "JavaScript", 36277, 0, 0, 0, 0, 0, 0, 0, 0, 16691, 8124, 61092
"d:\college\contest\xzs(org)\xzs-mysql-master\xzs-mysql-master\source\vue\xzs-admin\public\admin\components\echarts\echarts-en.common.min.js", "JavaScript", 1, 0, 0, 0, 0, 0, 0, 0, 0, 18, 4, 23
"d:\college\contest\xzs(org)\xzs-mysql-master\xzs-mysql-master\source\vue\xzs-admin\public\admin\components\echarts\echarts-en.js", "JavaScript", 55724, 0, 0, 0, 0, 0, 0, 0, 0, 25218, 12939, 93881
"d:\college\contest\xzs(org)\xzs-mysql-master\xzs-mysql-master\source\vue\xzs-admin\public\admin\components\echarts\echarts-en.min.js", "JavaScript", 1, 0, 0, 0, 0, 0, 0, 0, 0, 18, 4, 23
"d:\college\contest\xzs(org)\xzs-mysql-master\xzs-mysql-master\source\vue\xzs-admin\public\admin\components\echarts\echarts-en.simple.js", "JavaScript", 24272, 0, 0, 0, 0, 0, 0, 0, 0, 11956, 5547, 41775
"d:\college\contest\xzs(org)\xzs-mysql-master\xzs-mysql-master\source\vue\xzs-admin\public\admin\components\echarts\echarts-en.simple.min.js", "JavaScript", 1, 0, 0, 0, 0, 0, 0, 0, 0, 18, 4, 23
"d:\college\contest\xzs(org)\xzs-mysql-master\xzs-mysql-master\source\vue\xzs-admin\public\admin\components\echarts\echarts.common.js", "JavaScript", 36335, 0, 0, 0, 0, 0, 0, 0, 0, 16691, 8124, 61150
"d:\college\contest\xzs(org)\xzs-mysql-master\xzs-mysql-master\source\vue\xzs-admin\public\admin\components\echarts\echarts.common.min.js", "JavaScript", 1, 0, 0, 0, 0, 0, 0, 0, 0, 18, 4, 23
"d:\college\contest\xzs(org)\xzs-mysql-master\xzs-mysql-master\source\vue\xzs-admin\public\admin\components\echarts\echarts.js", "JavaScript", 55782, 0, 0, 0, 0, 0, 0, 0, 0, 25218, 12939, 93939
"d:\college\contest\xzs(org)\xzs-mysql-master\xzs-mysql-master\source\vue\xzs-admin\public\admin\components\echarts\echarts.min.js", "JavaScript", 1, 0, 0, 0, 0, 0, 0, 0, 0, 18, 4, 23
"d:\college\contest\xzs(org)\xzs-mysql-master\xzs-mysql-master\source\vue\xzs-admin\public\admin\components\echarts\echarts.simple.js", "JavaScript", 24330, 0, 0, 0, 0, 0, 0, 0, 0, 11956, 5547, 41833
"d:\college\contest\xzs(org)\xzs-mysql-master\xzs-mysql-master\source\vue\xzs-admin\public\admin\components\echarts\echarts.simple.min.js", "JavaScript", 1, 0, 0, 0, 0, 0, 0, 0, 0, 18, 4, 23
"d:\college\contest\xzs(org)\xzs-mysql-master\xzs-mysql-master\source\vue\xzs-admin\public\admin\components\echarts\extension\bmap.js", "JavaScript", 244, 0, 0, 0, 0, 0, 0, 0, 0, 113, 62, 419
"d:\college\contest\xzs(org)\xzs-mysql-master\xzs-mysql-master\source\vue\xzs-admin\public\admin\components\echarts\extension\bmap.min.js", "JavaScript", 1, 0, 0, 0, 0, 0, 0, 0, 0, 18, 4, 23
"d:\college\contest\xzs(org)\xzs-mysql-master\xzs-mysql-master\source\vue\xzs-admin\public\admin\components\echarts\extension\dataTool.js", "JavaScript", 240, 0, 0, 0, 0, 0, 0, 0, 0, 459, 153, 852
"d:\college\contest\xzs(org)\xzs-mysql-master\xzs-mysql-master\source\vue\xzs-admin\public\admin\components\echarts\extension\dataTool.min.js", "JavaScript", 1, 0, 0, 0, 0, 0, 0, 0, 0, 18, 4, 23
"d:\college\contest\xzs(org)\xzs-mysql-master\xzs-mysql-master\source\vue\xzs-admin\public\admin\components\echarts\theme\dark.js", "JavaScript", 150, 0, 0, 0, 0, 0, 0, 0, 0, 23, 3, 176
"d:\college\contest\xzs(org)\xzs-mysql-master\xzs-mysql-master\source\vue\xzs-admin\public\admin\components\echarts\theme\infographic.js", "JavaScript", 184, 0, 0, 0, 0, 0, 0, 0, 0, 21, 18, 223
"d:\college\contest\xzs(org)\xzs-mysql-master\xzs-mysql-master\source\vue\xzs-admin\public\admin\components\echarts\theme\macarons.js", "JavaScript", 176, 0, 0, 0, 0, 0, 0, 0, 0, 21, 20, 217
"d:\college\contest\xzs(org)\xzs-mysql-master\xzs-mysql-master\source\vue\xzs-admin\public\admin\components\echarts\theme\roma.js", "JavaScript", 57, 0, 0, 0, 0, 0, 0, 0, 0, 21, 8, 86
"d:\college\contest\xzs(org)\xzs-mysql-master\xzs-mysql-master\source\vue\xzs-admin\public\admin\components\echarts\theme\shine.js", "JavaScript", 141, 0, 0, 0, 0, 0, 0, 0, 0, 21, 14, 176
"d:\college\contest\xzs(org)\xzs-mysql-master\xzs-mysql-master\source\vue\xzs-admin\public\admin\components\echarts\theme\tool\option\area.js", "JavaScript", 70, 0, 0, 0, 0, 0, 0, 0, 0, 18, 3, 91
"d:\college\contest\xzs(org)\xzs-mysql-master\xzs-mysql-master\source\vue\xzs-admin\public\admin\components\echarts\theme\tool\option\bar.js", "JavaScript", 98, 0, 0, 0, 0, 0, 0, 0, 0, 18, 1, 117
"d:\college\contest\xzs(org)\xzs-mysql-master\xzs-mysql-master\source\vue\xzs-admin\public\admin\components\echarts\theme\tool\option\graph.js", "JavaScript", 2963, 0, 0, 0, 0, 0, 0, 0, 0, 18, 1, 2982
"d:\college\contest\xzs(org)\xzs-mysql-master\xzs-mysql-master\source\vue\xzs-admin\public\admin\components\echarts\theme\tool\option\map.js", "JavaScript", 121, 0, 0, 0, 0, 0, 0, 0, 0, 19, 1, 141
"d:\college\contest\xzs(org)\xzs-mysql-master\xzs-mysql-master\source\vue\xzs-admin\public\admin\components\echarts\theme\tool\option\pie.js", "JavaScript", 72, 0, 0, 0, 0, 0, 0, 0, 0, 18, 2, 92
"d:\college\contest\xzs(org)\xzs-mysql-master\xzs-mysql-master\source\vue\xzs-admin\public\admin\components\echarts\theme\tool\option\scatter.js", "JavaScript", 182, 0, 0, 0, 0, 0, 0, 0, 0, 18, 2, 202
"d:\college\contest\xzs(org)\xzs-mysql-master\xzs-mysql-master\source\vue\xzs-admin\public\admin\components\echarts\theme\tool\thumb.js", "JavaScript", 57, 0, 0, 0, 0, 0, 0, 0, 0, 18, 7, 82
"d:\college\contest\xzs(org)\xzs-mysql-master\xzs-mysql-master\source\vue\xzs-admin\public\admin\components\echarts\theme\vintage.js", "JavaScript", 27, 0, 0, 0, 0, 0, 0, 0, 0, 21, 1, 49
"d:\college\contest\xzs(org)\xzs-mysql-master\xzs-mysql-master\source\vue\xzs-admin\public\admin\components\ueditor\dialogs\image\image.css", "CSS", 0, 0, 0, 0, 0, 1, 0, 0, 0, 0, 1, 2
"d:\college\contest\xzs(org)\xzs-mysql-master\xzs-mysql-master\source\vue\xzs-admin\public\admin\components\ueditor\dialogs\image\image.html", "HTML", 0, 0, 0, 0, 100, 0, 0, 0, 0, 11, 10, 121
"d:\college\contest\xzs(org)\xzs-mysql-master\xzs-mysql-master\source\vue\xzs-admin\public\admin\components\ueditor\dialogs\image\image.js", "JavaScript", 1, 0, 0, 0, 0, 0, 0, 0, 0, 0, 0, 1
"d:\college\contest\xzs(org)\xzs-mysql-master\xzs-mysql-master\source\vue\xzs-admin\public\admin\components\ueditor\dialogs\internal.js", "JavaScript", 1, 0, 0, 0, 0, 0, 0, 0, 0, 0, 0, 1
"d:\college\contest\xzs(org)\xzs-mysql-master\xzs-mysql-master\source\vue\xzs-admin\public\admin\components\ueditor\dialogs\preview\preview.html", "HTML", 0, 0, 0, 0, 39, 0, 0, 0, 0, 0, 2, 41
"d:\college\contest\xzs(org)\xzs-mysql-master\xzs-mysql-master\source\vue\xzs-admin\public\admin\components\ueditor\dialogs\table\edittable.css", "CSS", 0, 0, 0, 0, 0, 1, 0, 0, 0, 0, 1, 2
"d:\college\contest\xzs(org)\xzs-mysql-master\xzs-mysql-master\source\vue\xzs-admin\public\admin\components\ueditor\dialogs\table\edittable.html", "HTML", 0, 0, 0, 0, 64, 0, 0, 0, 0, 0, 0, 64
"d:\college\contest\xzs(org)\xzs-mysql-master\xzs-mysql-master\source\vue\xzs-admin\public\admin\components\ueditor\dialogs\table\edittable.js", "JavaScript", 1, 0, 0, 0, 0, 0, 0, 0, 0, 0, 0, 1
"d:\college\contest\xzs(org)\xzs-mysql-master\xzs-mysql-master\source\vue\xzs-admin\public\admin\components\ueditor\dialogs\table\edittd.html", "HTML", 0, 0, 0, 0, 58, 0, 0, 0, 0, 0, 3, 61
"d:\college\contest\xzs(org)\xzs-mysql-master\xzs-mysql-master\source\vue\xzs-admin\public\admin\components\ueditor\dialogs\table\edittip.html", "HTML", 0, 0, 0, 0, 32, 0, 0, 0, 0, 0, 1, 33
"d:\college\contest\xzs(org)\xzs-mysql-master\xzs-mysql-master\source\vue\xzs-admin\public\admin\components\ueditor\kityformula-plugin\addKityFormulaDialog.js", "JavaScript", 1, 0, 0, 0, 0, 0, 0, 0, 0, 0, 0, 1
"d:\college\contest\xzs(org)\xzs-mysql-master\xzs-mysql-master\source\vue\xzs-admin\public\admin\components\ueditor\kityformula-plugin\defaultFilterFix.js", "JavaScript", 1, 0, 0, 0, 0, 0, 0, 0, 0, 0, 0, 1
"d:\college\contest\xzs(org)\xzs-mysql-master\xzs-mysql-master\source\vue\xzs-admin\public\admin\components\ueditor\kityformula-plugin\getKfContent.js", "JavaScript", 1, 0, 0, 0, 0, 0, 0, 0, 0, 0, 0, 1
"d:\college\contest\xzs(org)\xzs-mysql-master\xzs-mysql-master\source\vue\xzs-admin\public\admin\components\ueditor\kityformula-plugin\kityFormulaDialog.html", "HTML", 0, 0, 0, 0, 90, 0, 0, 0, 0, 2, 16, 108
"d:\college\contest\xzs(org)\xzs-mysql-master\xzs-mysql-master\source\vue\xzs-admin\public\admin\components\ueditor\kityformula-plugin\kityformula\assets\styles\base.css", "CSS", 0, 0, 0, 0, 0, 1, 0, 0, 0, 0, 1, 2
"d:\college\contest\xzs(org)\xzs-mysql-master\xzs-mysql-master\source\vue\xzs-admin\public\admin\components\ueditor\kityformula-plugin\kityformula\assets\styles\page.css", "CSS", 0, 0, 0, 0, 0, 1, 0, 0, 0, 0, 1, 2
"d:\college\contest\xzs(org)\xzs-mysql-master\xzs-mysql-master\source\vue\xzs-admin\public\admin\components\ueditor\kityformula-plugin\kityformula\assets\styles\scrollbar.css", "CSS", 0, 0, 0, 0, 0, 1, 0, 0, 0, 2, 1, 4
"d:\college\contest\xzs(org)\xzs-mysql-master\xzs-mysql-master\source\vue\xzs-admin\public\admin\components\ueditor\kityformula-plugin\kityformula\assets\styles\ui.css", "CSS", 0, 0, 0, 0, 0, 1, 0, 0, 0, 0, 1, 2
"d:\college\contest\xzs(org)\xzs-mysql-master\xzs-mysql-master\source\vue\xzs-admin\public\admin\components\ueditor\kityformula-plugin\kityformula\assets\theme\default\fui.css", "CSS", 0, 0, 0, 0, 0, 1, 0, 0, 0, 0, 1, 2
"d:\college\contest\xzs(org)\xzs-mysql-master\xzs-mysql-master\source\vue\xzs-admin\public\admin\components\ueditor\kityformula-plugin\kityformula\assets\theme\default\fui.min.css", "CSS", 0, 0, 0, 0, 0, 1, 0, 0, 0, 8, 1, 10
"d:\college\contest\xzs(org)\xzs-mysql-master\xzs-mysql-master\source\vue\xzs-admin\public\admin\components\ueditor\kityformula-plugin\kityformula\js\jquery-1.11.0.min.js", "JavaScript", 3, 0, 0, 0, 0, 0, 0, 0, 0, 1, 1, 5
"d:\college\contest\xzs(org)\xzs-mysql-master\xzs-mysql-master\source\vue\xzs-admin\public\admin\components\ueditor\kityformula-plugin\kityformula\js\kity-formula-parser.all.min.js", "JavaScript", 1, 0, 0, 0, 0, 0, 0, 0, 0, 8, 0, 9
"d:\college\contest\xzs(org)\xzs-mysql-master\xzs-mysql-master\source\vue\xzs-admin\public\admin\components\ueditor\kityformula-plugin\kityformula\js\kity-formula-render.all.js", "JavaScript", 1, 0, 0, 0, 0, 0, 0, 0, 0, 0, 0, 1
"d:\college\contest\xzs(org)\xzs-mysql-master\xzs-mysql-master\source\vue\xzs-admin\public\admin\components\ueditor\kityformula-plugin\kityformula\js\kityformula-editor.all.min.js", "JavaScript", 4, 0, 0, 0, 0, 0, 0, 0, 0, 8, 0, 12
"d:\college\contest\xzs(org)\xzs-mysql-master\xzs-mysql-master\source\vue\xzs-admin\public\admin\components\ueditor\kityformula-plugin\kityformula\js\kitygraph.all.js", "JavaScript", 1, 0, 0, 0, 0, 0, 0, 0, 0, 0, 0, 1
"d:\college\contest\xzs(org)\xzs-mysql-master\xzs-mysql-master\source\vue\xzs-admin\public\admin\components\ueditor\lang\en\en.js", "JavaScript", 1, 0, 0, 0, 0, 0, 0, 0, 0, 0, 0, 1
"d:\college\contest\xzs(org)\xzs-mysql-master\xzs-mysql-master\source\vue\xzs-admin\public\admin\components\ueditor\lang\zh-cn\zh-cn.js", "JavaScript", 1, 0, 0, 0, 0, 0, 0, 0, 0, 0, 0, 1
"d:\college\contest\xzs(org)\xzs-mysql-master\xzs-mysql-master\source\vue\xzs-admin\public\admin\components\ueditor\themes\default\css\ueditor.css", "CSS", 0, 0, 0, 0, 0, 1, 0, 0, 0, 0, 1, 2
"d:\college\contest\xzs(org)\xzs-mysql-master\xzs-mysql-master\source\vue\xzs-admin\public\admin\components\ueditor\themes\default\css\ueditor.min.css", "CSS", 0, 0, 0, 0, 0, 1, 0, 0, 0, 5, 3, 9
"d:\college\contest\xzs(org)\xzs-mysql-master\xzs-mysql-master\source\vue\xzs-admin\public\admin\components\ueditor\themes\default\dialogbase.css", "CSS", 0, 0, 0, 0, 0, 1, 0, 0, 0, 0, 1, 2
"d:\college\contest\xzs(org)\xzs-mysql-master\xzs-mysql-master\source\vue\xzs-admin\public\admin\components\ueditor\themes\iframe.css", "CSS", 0, 0, 0, 0, 0, 1, 0, 0, 0, 0, 1, 2
"d:\college\contest\xzs(org)\xzs-mysql-master\xzs-mysql-master\source\vue\xzs-admin\public\admin\components\ueditor\third-party\codemirror\codemirror.css", "CSS", 0, 0, 0, 0, 0, 1, 0, 0, 0, 0, 1, 2
"d:\college\contest\xzs(org)\xzs-mysql-master\xzs-mysql-master\source\vue\xzs-admin\public\admin\components\ueditor\third-party\codemirror\codemirror.js", "JavaScript", 1, 0, 0, 0, 0, 0, 0, 0, 0, 0, 0, 1
"d:\college\contest\xzs(org)\xzs-mysql-master\xzs-mysql-master\source\vue\xzs-admin\public\admin\components\ueditor\third-party\jquery-1.10.2.js", "JavaScript", 1, 0, 0, 0, 0, 0, 0, 0, 0, 0, 0, 1
"d:\college\contest\xzs(org)\xzs-mysql-master\xzs-mysql-master\source\vue\xzs-admin\public\admin\components\ueditor\third-party\jquery-1.10.2.min.js", "JavaScript", 3, 0, 0, 0, 0, 0, 0, 0, 0, 3, 1, 7
"d:\college\contest\xzs(org)\xzs-mysql-master\xzs-mysql-master\source\vue\xzs-admin\public\admin\components\ueditor\third-party\webuploader\webuploader.css", "CSS", 0, 0, 0, 0, 0, 1, 0, 0, 0, 0, 1, 2
"d:\college\contest\xzs(org)\xzs-mysql-master\xzs-mysql-master\source\vue\xzs-admin\public\admin\components\ueditor\third-party\webuploader\webuploader.custom.js", "JavaScript", 1, 0, 0, 0, 0, 0, 0, 0, 0, 0, 0, 1
"d:\college\contest\xzs(org)\xzs-mysql-master\xzs-mysql-master\source\vue\xzs-admin\public\admin\components\ueditor\third-party\webuploader\webuploader.custom.min.js", "JavaScript", 2, 0, 0, 0, 0, 0, 0, 0, 0, 0, 0, 2
"d:\college\contest\xzs(org)\xzs-mysql-master\xzs-mysql-master\source\vue\xzs-admin\public\admin\components\ueditor\third-party\webuploader\webuploader.flashonly.js", "JavaScript", 1, 0, 0, 0, 0, 0, 0, 0, 0, 0, 0, 1
"d:\college\contest\xzs(org)\xzs-mysql-master\xzs-mysql-master\source\vue\xzs-admin\public\admin\components\ueditor\third-party\webuploader\webuploader.flashonly.min.js", "JavaScript", 2, 0, 0, 0, 0, 0, 0, 0, 0, 0, 0, 2
"d:\college\contest\xzs(org)\xzs-mysql-master\xzs-mysql-master\source\vue\xzs-admin\public\admin\components\ueditor\third-party\webuploader\webuploader.html5only.js", "JavaScript", 1, 0, 0, 0, 0, 0, 0, 0, 0, 0, 0, 1
"d:\college\contest\xzs(org)\xzs-mysql-master\xzs-mysql-master\source\vue\xzs-admin\public\admin\components\ueditor\third-party\webuploader\webuploader.html5only.min.js", "JavaScript", 2, 0, 0, 0, 0, 0, 0, 0, 0, 0, 0, 2
"d:\college\contest\xzs(org)\xzs-mysql-master\xzs-mysql-master\source\vue\xzs-admin\public\admin\components\ueditor\third-party\webuploader\webuploader.js", "JavaScript", 1, 0, 0, 0, 0, 0, 0, 0, 0, 0, 0, 1
"d:\college\contest\xzs(org)\xzs-mysql-master\xzs-mysql-master\source\vue\xzs-admin\public\admin\components\ueditor\third-party\webuploader\webuploader.min.js", "JavaScript", 2, 0, 0, 0, 0, 0, 0, 0, 0, 0, 0, 2
"d:\college\contest\xzs(org)\xzs-mysql-master\xzs-mysql-master\source\vue\xzs-admin\public\admin\components\ueditor\third-party\webuploader\webuploader.withoutimage.js", "JavaScript", 1, 0, 0, 0, 0, 0, 0, 0, 0, 0, 0, 1
"d:\college\contest\xzs(org)\xzs-mysql-master\xzs-mysql-master\source\vue\xzs-admin\public\admin\components\ueditor\third-party\webuploader\webuploader.withoutimage.min.js", "JavaScript", 2, 0, 0, 0, 0, 0, 0, 0, 0, 0, 0, 2
"d:\college\contest\xzs(org)\xzs-mysql-master\xzs-mysql-master\source\vue\xzs-admin\public\admin\components\ueditor\third-party\xss.min.js", "JavaScript", 1, 0, 0, 0, 0, 0, 0, 0, 0, 0, 0, 1
"d:\college\contest\xzs(org)\xzs-mysql-master\xzs-mysql-master\source\vue\xzs-admin\public\admin\components\ueditor\third-party\zeroclipboard\ZeroClipboard.js", "JavaScript", 1, 0, 0, 0, 0, 0, 0, 0, 0, 0, 0, 1
"d:\college\contest\xzs(org)\xzs-mysql-master\xzs-mysql-master\source\vue\xzs-admin\public\admin\components\ueditor\third-party\zeroclipboard\ZeroClipboard.min.js", "JavaScript", 1, 0, 0, 0, 0, 0, 0, 0, 0, 8, 0, 9
"d:\college\contest\xzs(org)\xzs-mysql-master\xzs-mysql-master\source\vue\xzs-admin\public\admin\components\ueditor\ueditor.all.js", "JavaScript", 1, 0, 0, 0, 0, 0, 0, 0, 0, 0, 1, 2
"d:\college\contest\xzs(org)\xzs-mysql-master\xzs-mysql-master\source\vue\xzs-admin\public\admin\components\ueditor\ueditor.config.js", "JavaScript", 1, 0, 0, 0, 0, 0, 0, 0, 0, 0, 0, 1
"d:\college\contest\xzs(org)\xzs-mysql-master\xzs-mysql-master\source\vue\xzs-admin\public\admin\components\ueditor\ueditor.parse.min.js", "JavaScript", 1, 0, 0, 0, 0, 0, 0, 0, 0, 5, 1, 7
"d:\college\contest\xzs(org)\xzs-mysql-master\xzs-mysql-master\source\vue\xzs-admin\public\index.html", "HTML", 0, 0, 0, 0, 48, 0, 0, 0, 0, 1, 5, 54
"d:\college\contest\xzs(org)\xzs-mysql-master\xzs-mysql-master\source\vue\xzs-admin\src\App.vue", "Vue", 0, 0, 0, 10, 0, 0, 0, 0, 0, 0, 2, 12
"d:\college\contest\xzs(org)\xzs-mysql-master\xzs-mysql-master\source\vue\xzs-admin\src\api\composePaper.js", "JavaScript", 5, 0, 0, 0, 0, 0, 0, 0, 0, 0, 2, 7
"d:\college\contest\xzs(org)\xzs-mysql-master\xzs-mysql-master\source\vue\xzs-admin\src\api\dashboard.js", "JavaScript", 4, 0, 0, 0, 0, 0, 0, 0, 0, 0, 2, 6
"d:\college\contest\xzs(org)\xzs-mysql-master\xzs-mysql-master\source\vue\xzs-admin\src\api\examPaper.js", "JavaScript", 9, 0, 0, 0, 0, 0, 0, 0, 0, 0, 2, 11
"d:\college\contest\xzs(org)\xzs-mysql-master\xzs-mysql-master\source\vue\xzs-admin\src\api\examPaperAnwser.js", "JavaScript", 12, 0, 0, 0, 0, 0, 0, 0, 0, 5, 7, 24
"d:\college\contest\xzs(org)\xzs-mysql-master\xzs-mysql-master\source\vue\xzs-admin\src\api\face.js", "JavaScript", 4, 0, 0, 0, 0, 0, 0, 0, 0, 0, 2, 6
"d:\college\contest\xzs(org)\xzs-mysql-master\xzs-mysql-master\source\vue\xzs-admin\src\api\knowledge.js", "JavaScript", 0, 0, 0, 0, 0, 0, 0, 0, 0, 0, 1, 1
"d:\college\contest\xzs(org)\xzs-mysql-master\xzs-mysql-master\source\vue\xzs-admin\src\api\login.js", "JavaScript", 5, 0, 0, 0, 0, 0, 0, 0, 0, 0, 2, 7
"d:\college\contest\xzs(org)\xzs-mysql-master\xzs-mysql-master\source\vue\xzs-admin\src\api\message.js", "JavaScript", 5, 0, 0, 0, 0, 0, 0, 0, 0, 0, 2, 7
"d:\college\contest\xzs(org)\xzs-mysql-master\xzs-mysql-master\source\vue\xzs-admin\src\api\question.js", "JavaScript", 7, 0, 0, 0, 0, 0, 0, 0, 0, 0, 2, 9
"d:\college\contest\xzs(org)\xzs-mysql-master\xzs-mysql-master\source\vue\xzs-admin\src\api\subject.js", "JavaScript", 8, 0, 0, 0, 0, 0, 0, 0, 0, 0, 2, 10
"d:\college\contest\xzs(org)\xzs-mysql-master\xzs-mysql-master\source\vue\xzs-admin\src\api\task.js", "JavaScript", 7, 0, 0, 0, 0, 0, 0, 0, 0, 0, 2, 9
"d:\college\contest\xzs(org)\xzs-mysql-master\xzs-mysql-master\source\vue\xzs-admin\src\api\user.js", "JavaScript", 12, 0, 0, 0, 0, 0, 0, 0, 0, 0, 2, 14
"d:\college\contest\xzs(org)\xzs-mysql-master\xzs-mysql-master\source\vue\xzs-admin\src\assets\custom-theme\index.css", "CSS", 0, 0, 0, 0, 0, 1, 0, 0, 0, 0, 0, 1
"d:\college\contest\xzs(org)\xzs-mysql-master\xzs-mysql-master\source\vue\xzs-admin\src\components\BackToTop\index.vue", "Vue", 0, 0, 0, 119, 0, 0, 0, 0, 0, 4, 7, 130
"d:\college\contest\xzs(org)\xzs-mysql-master\xzs-mysql-master\source\vue\xzs-admin\src\components\Breadcrumb\index.vue", "Vue", 0, 0, 0, 73, 0, 0, 0, 0, 0, 3, 6, 82
"d:\college\contest\xzs(org)\xzs-mysql-master\xzs-mysql-master\source\vue\xzs-admin\src\components\Hamburger\index.vue", "Vue", 0, 0, 0, 41, 0, 0, 0, 0, 0, 0, 4, 45
"d:\college\contest\xzs(org)\xzs-mysql-master\xzs-mysql-master\source\vue\xzs-admin\src\components\Pagination\index.vue", "Vue", 0, 0, 0, 97, 0, 0, 0, 0, 0, 0, 4, 101
"d:\college\contest\xzs(org)\xzs-mysql-master\xzs-mysql-master\source\vue\xzs-admin\src\components\PanThumb\index.vue", "Vue", 0, 0, 0, 128, 0, 0, 0, 0, 0, 0, 13, 141
"d:\college\contest\xzs(org)\xzs-mysql-master\xzs-mysql-master\source\vue\xzs-admin\src\components\SvgIcon\index.vue", "Vue", 0, 0, 0, 57, 0, 0, 0, 0, 0, 1, 5, 63
"d:\college\contest\xzs(org)\xzs-mysql-master\xzs-mysql-master\source\vue\xzs-admin\src\components\ThemePicker\index.vue", "Vue", 0, 0, 0, 150, 0, 0, 0, 0, 0, 0, 26, 176
"d:\college\contest\xzs(org)\xzs-mysql-master\xzs-mysql-master\source\vue\xzs-admin\src\components\Ueditor\index.vue", "Vue", 0, 0, 0, 58, 0, 0, 0, 0, 0, 4, 4, 66
"d:\college\contest\xzs(org)\xzs-mysql-master\xzs-mysql-master\source\vue\xzs-admin\src\icons\index.js", "JavaScript", 6, 0, 0, 0, 0, 0, 0, 0, 0, 1, 3, 10
"d:\college\contest\xzs(org)\xzs-mysql-master\xzs-mysql-master\source\vue\xzs-admin\src\icons\svg\404.svg", "XML", 0, 0, 0, 0, 0, 0, 0, 0, 1, 0, 0, 1
"d:\college\contest\xzs(org)\xzs-mysql-master\xzs-mysql-master\source\vue\xzs-admin\src\icons\svg\answer.svg", "XML", 0, 0, 0, 0, 0, 0, 0, 0, 1, 0, 0, 1
"d:\college\contest\xzs(org)\xzs-mysql-master\xzs-mysql-master\source\vue\xzs-admin\src\icons\svg\bug.svg", "XML", 0, 0, 0, 0, 0, 0, 0, 0, 1, 0, 0, 1
"d:\college\contest\xzs(org)\xzs-mysql-master\xzs-mysql-master\source\vue\xzs-admin\src\icons\svg\chart.svg", "XML", 0, 0, 0, 0, 0, 0, 0, 0, 1, 0, 0, 1
"d:\college\contest\xzs(org)\xzs-mysql-master\xzs-mysql-master\source\vue\xzs-admin\src\icons\svg\clipboard.svg", "XML", 0, 0, 0, 0, 0, 0, 0, 0, 1, 0, 0, 1
"d:\college\contest\xzs(org)\xzs-mysql-master\xzs-mysql-master\source\vue\xzs-admin\src\icons\svg\component.svg", "XML", 0, 0, 0, 0, 0, 0, 0, 0, 1, 0, 0, 1
"d:\college\contest\xzs(org)\xzs-mysql-master\xzs-mysql-master\source\vue\xzs-admin\src\icons\svg\dashboard.svg", "XML", 0, 0, 0, 0, 0, 0, 0, 0, 1, 0, 0, 1
"d:\college\contest\xzs(org)\xzs-mysql-master\xzs-mysql-master\source\vue\xzs-admin\src\icons\svg\documentation.svg", "XML", 0, 0, 0, 0, 0, 0, 0, 0, 1, 0, 0, 1
"d:\college\contest\xzs(org)\xzs-mysql-master\xzs-mysql-master\source\vue\xzs-admin\src\icons\svg\doexampaper.svg", "XML", 0, 0, 0, 0, 0, 0, 0, 0, 8, 0, 0, 8
"d:\college\contest\xzs(org)\xzs-mysql-master\xzs-mysql-master\source\vue\xzs-admin\src\icons\svg\doquestion.svg", "XML", 0, 0, 0, 0, 0, 0, 0, 0, 5, 0, 0, 5
"d:\college\contest\xzs(org)\xzs-mysql-master\xzs-mysql-master\source\vue\xzs-admin\src\icons\svg\drag.svg", "XML", 0, 0, 0, 0, 0, 0, 0, 0, 1, 0, 0, 1
"d:\college\contest\xzs(org)\xzs-mysql-master\xzs-mysql-master\source\vue\xzs-admin\src\icons\svg\edit.svg", "XML", 0, 0, 0, 0, 0, 0, 0, 0, 1, 0, 0, 1
"d:\college\contest\xzs(org)\xzs-mysql-master\xzs-mysql-master\source\vue\xzs-admin\src\icons\svg\education.svg", "XML", 0, 0, 0, 0, 0, 0, 0, 0, 13, 0, 0, 13
"d:\college\contest\xzs(org)\xzs-mysql-master\xzs-mysql-master\source\vue\xzs-admin\src\icons\svg\email.svg", "XML", 0, 0, 0, 0, 0, 0, 0, 0, 1, 0, 0, 1
"d:\college\contest\xzs(org)\xzs-mysql-master\xzs-mysql-master\source\vue\xzs-admin\src\icons\svg\exam.svg", "XML", 0, 0, 0, 0, 0, 0, 0, 0, 10, 0, 1, 11
"d:\college\contest\xzs(org)\xzs-mysql-master\xzs-mysql-master\source\vue\xzs-admin\src\icons\svg\example.svg", "XML", 0, 0, 0, 0, 0, 0, 0, 0, 1, 0, 0, 1
"d:\college\contest\xzs(org)\xzs-mysql-master\xzs-mysql-master\source\vue\xzs-admin\src\icons\svg\excel.svg", "XML", 0, 0, 0, 0, 0, 0, 0, 0, 1, 0, 0, 1
"d:\college\contest\xzs(org)\xzs-mysql-master\xzs-mysql-master\source\vue\xzs-admin\src\icons\svg\exit-fullscreen.svg", "XML", 0, 0, 0, 0, 0, 0, 0, 0, 1, 0, 0, 1
"d:\college\contest\xzs(org)\xzs-mysql-master\xzs-mysql-master\source\vue\xzs-admin\src\icons\svg\eye-open.svg", "XML", 0, 0, 0, 0, 0, 0, 0, 0, 1, 0, 0, 1
"d:\college\contest\xzs(org)\xzs-mysql-master\xzs-mysql-master\source\vue\xzs-admin\src\icons\svg\eye.svg", "XML", 0, 0, 0, 0, 0, 0, 0, 0, 1, 0, 0, 1
"d:\college\contest\xzs(org)\xzs-mysql-master\xzs-mysql-master\source\vue\xzs-admin\src\icons\svg\form.svg", "XML", 0, 0, 0, 0, 0, 0, 0, 0, 1, 0, 0, 1
"d:\college\contest\xzs(org)\xzs-mysql-master\xzs-mysql-master\source\vue\xzs-admin\src\icons\svg\fullscreen.svg", "XML", 0, 0, 0, 0, 0, 0, 0, 0, 1, 0, 0, 1
"d:\college\contest\xzs(org)\xzs-mysql-master\xzs-mysql-master\source\vue\xzs-admin\src\icons\svg\guide.svg", "XML", 0, 0, 0, 0, 0, 0, 0, 0, 1, 0, 0, 1
"d:\college\contest\xzs(org)\xzs-mysql-master\xzs-mysql-master\source\vue\xzs-admin\src\icons\svg\home.svg", "XML", 0, 0, 0, 0, 0, 0, 0, 0, 11, 0, 1, 12
"d:\college\contest\xzs(org)\xzs-mysql-master\xzs-mysql-master\source\vue\xzs-admin\src\icons\svg\icon.svg", "XML", 0, 0, 0, 0, 0, 0, 0, 0, 1, 0, 0, 1
"d:\college\contest\xzs(org)\xzs-mysql-master\xzs-mysql-master\source\vue\xzs-admin\src\icons\svg\international.svg", "XML", 0, 0, 0, 0, 0, 0, 0, 0, 1, 0, 0, 1
"d:\college\contest\xzs(org)\xzs-mysql-master\xzs-mysql-master\source\vue\xzs-admin\src\icons\svg\language.svg", "XML", 0, 0, 0, 0, 0, 0, 0, 0, 1, 0, 0, 1
"d:\college\contest\xzs(org)\xzs-mysql-master\xzs-mysql-master\source\vue\xzs-admin\src\icons\svg\link.svg", "XML", 0, 0, 0, 0, 0, 0, 0, 0, 1, 0, 0, 1
"d:\college\contest\xzs(org)\xzs-mysql-master\xzs-mysql-master\source\vue\xzs-admin\src\icons\svg\list.svg", "XML", 0, 0, 0, 0, 0, 0, 0, 0, 1, 0, 0, 1
"d:\college\contest\xzs(org)\xzs-mysql-master\xzs-mysql-master\source\vue\xzs-admin\src\icons\svg\lock.svg", "XML", 0, 0, 0, 0, 0, 0, 0, 0, 1, 0, 0, 1
"d:\college\contest\xzs(org)\xzs-mysql-master\xzs-mysql-master\source\vue\xzs-admin\src\icons\svg\log.svg", "XML", 0, 0, 0, 0, 0, 0, 0, 0, 11, 0, 1, 12
"d:\college\contest\xzs(org)\xzs-mysql-master\xzs-mysql-master\source\vue\xzs-admin\src\icons\svg\message.svg", "XML", 0, 0, 0, 0, 0, 0, 0, 0, 13, 0, 0, 13
"d:\college\contest\xzs(org)\xzs-mysql-master\xzs-mysql-master\source\vue\xzs-admin\src\icons\svg\money.svg", "XML", 0, 0, 0, 0, 0, 0, 0, 0, 1, 0, 0, 1
"d:\college\contest\xzs(org)\xzs-mysql-master\xzs-mysql-master\source\vue\xzs-admin\src\icons\svg\nested.svg", "XML", 0, 0, 0, 0, 0, 0, 0, 0, 1, 0, 0, 1
"d:\college\contest\xzs(org)\xzs-mysql-master\xzs-mysql-master\source\vue\xzs-admin\src\icons\svg\password.svg", "XML", 0, 0, 0, 0, 0, 0, 0, 0, 1, 0, 0, 1
"d:\college\contest\xzs(org)\xzs-mysql-master\xzs-mysql-master\source\vue\xzs-admin\src\icons\svg\pdf.svg", "XML", 0, 0, 0, 0, 0, 0, 0, 0, 1, 0, 0, 1
"d:\college\contest\xzs(org)\xzs-mysql-master\xzs-mysql-master\source\vue\xzs-admin\src\icons\svg\people.svg", "XML", 0, 0, 0, 0, 0, 0, 0, 0, 1, 0, 0, 1
"d:\college\contest\xzs(org)\xzs-mysql-master\xzs-mysql-master\source\vue\xzs-admin\src\icons\svg\peoples.svg", "XML", 0, 0, 0, 0, 0, 0, 0, 0, 1, 0, 0, 1
"d:\college\contest\xzs(org)\xzs-mysql-master\xzs-mysql-master\source\vue\xzs-admin\src\icons\svg\qq.svg", "XML", 0, 0, 0, 0, 0, 0, 0, 0, 1, 0, 0, 1
"d:\college\contest\xzs(org)\xzs-mysql-master\xzs-mysql-master\source\vue\xzs-admin\src\icons\svg\question.svg", "XML", 0, 0, 0, 0, 0, 0, 0, 0, 7, 0, 0, 7
"d:\college\contest\xzs(org)\xzs-mysql-master\xzs-mysql-master\source\vue\xzs-admin\src\icons\svg\search.svg", "XML", 0, 0, 0, 0, 0, 0, 0, 0, 1, 0, 0, 1
"d:\college\contest\xzs(org)\xzs-mysql-master\xzs-mysql-master\source\vue\xzs-admin\src\icons\svg\shopping.svg", "XML", 0, 0, 0, 0, 0, 0, 0, 0, 1, 0, 0, 1
"d:\college\contest\xzs(org)\xzs-mysql-master\xzs-mysql-master\source\vue\xzs-admin\src\icons\svg\size.svg", "XML", 0, 0, 0, 0, 0, 0, 0, 0, 1, 0, 0, 1
"d:\college\contest\xzs(org)\xzs-mysql-master\xzs-mysql-master\source\vue\xzs-admin\src\icons\svg\skill.svg", "XML", 0, 0, 0, 0, 0, 0, 0, 0, 1, 0, 0, 1
"d:\college\contest\xzs(org)\xzs-mysql-master\xzs-mysql-master\source\vue\xzs-admin\src\icons\svg\star.svg", "XML", 0, 0, 0, 0, 0, 0, 0, 0, 1, 0, 0, 1
"d:\college\contest\xzs(org)\xzs-mysql-master\xzs-mysql-master\source\vue\xzs-admin\src\icons\svg\tab.svg", "XML", 0, 0, 0, 0, 0, 0, 0, 0, 1, 0, 0, 1
"d:\college\contest\xzs(org)\xzs-mysql-master\xzs-mysql-master\source\vue\xzs-admin\src\icons\svg\table.svg", "XML", 0, 0, 0, 0, 0, 0, 0, 0, 1, 0, 0, 1
"d:\college\contest\xzs(org)\xzs-mysql-master\xzs-mysql-master\source\vue\xzs-admin\src\icons\svg\task.svg", "XML", 0, 0, 0, 0, 0, 0, 0, 0, 15, 0, 0, 15
"d:\college\contest\xzs(org)\xzs-mysql-master\xzs-mysql-master\source\vue\xzs-admin\src\icons\svg\theme.svg", "XML", 0, 0, 0, 0, 0, 0, 0, 0, 1, 0, 0, 1
"d:\college\contest\xzs(org)\xzs-mysql-master\xzs-mysql-master\source\vue\xzs-admin\src\icons\svg\tree-table.svg", "XML", 0, 0, 0, 0, 0, 0, 0, 0, 1, 0, 0, 1
"d:\college\contest\xzs(org)\xzs-mysql-master\xzs-mysql-master\source\vue\xzs-admin\src\icons\svg\tree.svg", "XML", 0, 0, 0, 0, 0, 0, 0, 0, 1, 0, 0, 1
"d:\college\contest\xzs(org)\xzs-mysql-master\xzs-mysql-master\source\vue\xzs-admin\src\icons\svg\user.svg", "XML", 0, 0, 0, 0, 0, 0, 0, 0, 1, 0, 0, 1
"d:\college\contest\xzs(org)\xzs-mysql-master\xzs-mysql-master\source\vue\xzs-admin\src\icons\svg\users.svg", "XML", 0, 0, 0, 0, 0, 0, 0, 0, 12, 0, 1, 13
"d:\college\contest\xzs(org)\xzs-mysql-master\xzs-mysql-master\source\vue\xzs-admin\src\icons\svg\wechat.svg", "XML", 0, 0, 0, 0, 0, 0, 0, 0, 1, 0, 0, 1
"d:\college\contest\xzs(org)\xzs-mysql-master\xzs-mysql-master\source\vue\xzs-admin\src\icons\svg\zip.svg", "XML", 0, 0, 0, 0, 0, 0, 0, 0, 1, 0, 0, 1
"d:\college\contest\xzs(org)\xzs-mysql-master\xzs-mysql-master\source\vue\xzs-admin\src\icons\svgo.yml", "YAML", 0, 0, 0, 0, 0, 0, 0, 5, 0, 13, 5, 23
"d:\college\contest\xzs(org)\xzs-mysql-master\xzs-mysql-master\source\vue\xzs-admin\src\layout\components\AppMain.vue", "Vue", 0, 0, 0, 48, 0, 0, 0, 0, 0, 3, 7, 58
"d:\college\contest\xzs(org)\xzs-mysql-master\xzs-mysql-master\source\vue\xzs-admin\src\layout\components\Navbar.vue", "Vue", 0, 0, 0, 127, 0, 0, 0, 0, 0, 0, 19, 146
"d:\college\contest\xzs(org)\xzs-mysql-master\xzs-mysql-master\source\vue\xzs-admin\src\layout\components\Sidebar\FixiOSBug.js", "JavaScript", 24, 0, 0, 0, 0, 0, 0, 0, 0, 2, 1, 27
"d:\college\contest\xzs(org)\xzs-mysql-master\xzs-mysql-master\source\vue\xzs-admin\src\layout\components\Sidebar\Item.vue", "Vue", 0, 0, 0, 27, 0, 0, 0, 0, 0, 0, 3, 30
"d:\college\contest\xzs(org)\xzs-mysql-master\xzs-mysql-master\source\vue\xzs-admin\src\layout\components\Sidebar\Link.vue", "Vue", 0, 0, 0, 32, 0, 0, 0, 0, 0, 1, 4, 37
"d:\college\contest\xzs(org)\xzs-mysql-master\xzs-mysql-master\source\vue\xzs-admin\src\layout\components\Sidebar\Logo.vue", "Vue", 0, 0, 0, 72, 0, 0, 0, 0, 0, 0, 9, 81
"d:\college\contest\xzs(org)\xzs-mysql-master\xzs-mysql-master\source\vue\xzs-admin\src\layout\components\Sidebar\SidebarItem.vue", "Vue", 0, 0, 0, 83, 0, 0, 0, 0, 0, 6, 7, 96
"d:\college\contest\xzs(org)\xzs-mysql-master\xzs-mysql-master\source\vue\xzs-admin\src\layout\components\Sidebar\index.vue", "Vue", 0, 0, 0, 48, 0, 0, 0, 0, 0, 1, 3, 52
"d:\college\contest\xzs(org)\xzs-mysql-master\xzs-mysql-master\source\vue\xzs-admin\src\layout\components\TagsView\ScrollPane.vue", "Vue", 0, 0, 0, 56, 0, 0, 0, 0, 0, 4, 9, 69
"d:\college\contest\xzs(org)\xzs-mysql-master\xzs-mysql-master\source\vue\xzs-admin\src\layout\components\TagsView\index.vue", "Vue", 0, 0, 0, 277, 0, 0, 0, 0, 0, 6, 7, 290
"d:\college\contest\xzs(org)\xzs-mysql-master\xzs-mysql-master\source\vue\xzs-admin\src\layout\components\index.js", "JavaScript", 4, 0, 0, 0, 0, 0, 0, 0, 0, 0, 1, 5
"d:\college\contest\xzs(org)\xzs-mysql-master\xzs-mysql-master\source\vue\xzs-admin\src\layout\index.vue", "Vue", 0, 0, 0, 90, 0, 0, 0, 0, 0, 0, 10, 100
"d:\college\contest\xzs(org)\xzs-mysql-master\xzs-mysql-master\source\vue\xzs-admin\src\layout\mixin\ResizeHandler.js", "JavaScript", 40, 0, 0, 0, 0, 0, 0, 0, 0, 2, 4, 46
"d:\college\contest\xzs(org)\xzs-mysql-master\xzs-mysql-master\source\vue\xzs-admin\src\main.js", "JavaScript", 38, 0, 0, 0, 0, 0, 0, 0, 0, 3, 11, 52
"d:\college\contest\xzs(org)\xzs-mysql-master\xzs-mysql-master\source\vue\xzs-admin\src\router.js", "JavaScript", 294, 0, 0, 0, 0, 0, 0, 0, 0, 2, 5, 301
"d:\college\contest\xzs(org)\xzs-mysql-master\xzs-mysql-master\source\vue\xzs-admin\src\store\getters.js", "JavaScript", 9, 0, 0, 0, 0, 0, 0, 0, 0, 0, 1, 10
"d:\college\contest\xzs(org)\xzs-mysql-master\xzs-mysql-master\source\vue\xzs-admin\src\store\index.js", "JavaScript", 16, 0, 0, 0, 0, 0, 0, 0, 0, 4, 6, 26
"d:\college\contest\xzs(org)\xzs-mysql-master\xzs-mysql-master\source\vue\xzs-admin\src\store\modules\app.js", "JavaScript", 52, 0, 0, 0, 0, 0, 0, 0, 0, 0, 5, 57
"d:\college\contest\xzs(org)\xzs-mysql-master\xzs-mysql-master\source\vue\xzs-admin\src\store\modules\enumItem.js", "JavaScript", 50, 0, 0, 0, 0, 0, 0, 0, 0, 4, 6, 60
"d:\college\contest\xzs(org)\xzs-mysql-master\xzs-mysql-master\source\vue\xzs-admin\src\store\modules\exam.js", "JavaScript", 36, 0, 0, 0, 0, 0, 0, 0, 0, 2, 6, 44
"d:\college\contest\xzs(org)\xzs-mysql-master\xzs-mysql-master\source\vue\xzs-admin\src\store\modules\router.js", "JavaScript", 17, 0, 0, 0, 0, 0, 0, 0, 0, 0, 5, 22
"d:\college\contest\xzs(org)\xzs-mysql-master\xzs-mysql-master\source\vue\xzs-admin\src\store\modules\tagsView.js", "JavaScript", 166, 0, 0, 0, 0, 0, 0, 0, 0, 1, 10, 177
"d:\college\contest\xzs(org)\xzs-mysql-master\xzs-mysql-master\source\vue\xzs-admin\src\store\modules\user.js", "JavaScript", 33, 0, 0, 0, 0, 0, 0, 0, 0, 3, 4, 40
"d:\college\contest\xzs(org)\xzs-mysql-master\xzs-mysql-master\source\vue\xzs-admin\src\styles\btn.scss", "SCSS", 0, 0, 0, 0, 0, 0, 83, 0, 0, 0, 17, 100
"d:\college\contest\xzs(org)\xzs-mysql-master\xzs-mysql-master\source\vue\xzs-admin\src\styles\element-ui.scss", "SCSS", 0, 0, 0, 0, 0, 0, 61, 0, 0, 5, 14, 80
"d:\college\contest\xzs(org)\xzs-mysql-master\xzs-mysql-master\source\vue\xzs-admin\src\styles\element-variables.scss", "SCSS", 0, 0, 0, 0, 0, 0, 13, 0, 0, 10, 9, 32
"d:\college\contest\xzs(org)\xzs-mysql-master\xzs-mysql-master\source\vue\xzs-admin\src\styles\index.scss", "SCSS", 0, 0, 0, 0, 0, 0, 259, 0, 0, 2, 63, 324
"d:\college\contest\xzs(org)\xzs-mysql-master\xzs-mysql-master\source\vue\xzs-admin\src\styles\mixin.scss", "SCSS", 0, 0, 0, 0, 0, 0, 56, 0, 0, 0, 11, 67
"d:\college\contest\xzs(org)\xzs-mysql-master\xzs-mysql-master\source\vue\xzs-admin\src\styles\sidebar.scss", "SCSS", 0, 0, 0, 0, 0, 0, 166, 0, 0, 6, 38, 210
"d:\college\contest\xzs(org)\xzs-mysql-master\xzs-mysql-master\source\vue\xzs-admin\src\styles\transition.scss", "SCSS", 0, 0, 0, 0, 0, 0, 35, 0, 0, 4, 10, 49
"d:\college\contest\xzs(org)\xzs-mysql-master\xzs-mysql-master\source\vue\xzs-admin\src\styles\variables.scss", "SCSS", 0, 0, 0, 0, 0, 0, 26, 0, 0, 4, 6, 36
"d:\college\contest\xzs(org)\xzs-mysql-master\xzs-mysql-master\source\vue\xzs-admin\src\utils\index.js", "JavaScript", 251, 0, 0, 0, 0, 0, 0, 0, 0, 98, 26, 375
"d:\college\contest\xzs(org)\xzs-mysql-master\xzs-mysql-master\source\vue\xzs-admin\src\utils\request.js", "JavaScript", 106, 0, 0, 0, 0, 0, 0, 0, 0, 0, 8, 114
"d:\college\contest\xzs(org)\xzs-mysql-master\xzs-mysql-master\source\vue\xzs-admin\src\utils\scroll-to.js", "JavaScript", 39, 0, 0, 0, 0, 0, 0, 0, 0, 15, 5, 59
"d:\college\contest\xzs(org)\xzs-mysql-master\xzs-mysql-master\source\vue\xzs-admin\src\utils\validate.js", "JavaScript", 39, 0, 0, 0, 0, 0, 0, 0, 0, 41, 10, 90
"d:\college\contest\xzs(org)\xzs-mysql-master\xzs-mysql-master\source\vue\xzs-admin\src\views\answer\list.vue", "Vue", 0, 0, 0, 202, 0, 0, 0, 0, 0, 19, 9, 230
"d:\college\contest\xzs(org)\xzs-mysql-master\xzs-mysql-master\source\vue\xzs-admin\src\views\components\QuestionAnswerShow.vue", "Vue", 0, 0, 0, 125, 0, 0, 0, 0, 0, 0, 3, 128
"d:\college\contest\xzs(org)\xzs-mysql-master\xzs-mysql-master\source\vue\xzs-admin\src\views\components\QuestionEdit.vue", "Vue", 0, 0, 0, 81, 0, 0, 0, 0, 0, 0, 3, 84
"d:\college\contest\xzs(org)\xzs-mysql-master\xzs-mysql-master\source\vue\xzs-admin\src\views\dashboard\components\mixins\resize.js", "JavaScript", 54, 0, 0, 0, 0, 0, 0, 0, 0, 4, 2, 60
"d:\college\contest\xzs(org)\xzs-mysql-master\xzs-mysql-master\source\vue\xzs-admin\src\views\dashboard\index.vue", "Vue", 0, 0, 0, 265, 0, 0, 0, 0, 0, 2, 31, 298
"d:\college\contest\xzs(org)\xzs-mysql-master\xzs-mysql-master\source\vue\xzs-admin\src\views\education\subject\edit.vue", "Vue", 0, 0, 0, 86, 0, 0, 0, 0, 0, 0, 4, 90
"d:\college\contest\xzs(org)\xzs-mysql-master\xzs-mysql-master\source\vue\xzs-admin\src\views\education\subject\list.vue", "Vue", 0, 0, 0, 90, 0, 0, 0, 0, 0, 0, 4, 94
"d:\college\contest\xzs(org)\xzs-mysql-master\xzs-mysql-master\source\vue\xzs-admin\src\views\error-page\401.vue", "Vue", 0, 0, 0, 96, 0, 0, 0, 0, 0, 0, 4, 100
"d:\college\contest\xzs(org)\xzs-mysql-master\xzs-mysql-master\source\vue\xzs-admin\src\views\error-page\404.vue", "Vue", 0, 0, 0, 222, 0, 0, 0, 0, 0, 0, 4, 226
"d:\college\contest\xzs(org)\xzs-mysql-master\xzs-mysql-master\source\vue\xzs-admin\src\views\exam\composePaper\edit.vue", "Vue", 0, 0, 0, 130, 0, 0, 0, 0, 0, 18, 6, 154
"d:\college\contest\xzs(org)\xzs-mysql-master\xzs-mysql-master\source\vue\xzs-admin\src\views\exam\paper\edit.vue", "Vue", 0, 0, 0, 310, 0, 0, 0, 0, 0, 8, 5, 323
"d:\college\contest\xzs(org)\xzs-mysql-master\xzs-mysql-master\source\vue\xzs-admin\src\views\exam\paper\list.vue", "Vue", 0, 0, 0, 109, 0, 0, 0, 0, 0, 0, 3, 112
"d:\college\contest\xzs(org)\xzs-mysql-master\xzs-mysql-master\source\vue\xzs-admin\src\views\exam\question\components\Show.vue", "Vue", 0, 0, 0, 60, 0, 0, 0, 0, 0, 0, 3, 63
"d:\college\contest\xzs(org)\xzs-mysql-master\xzs-mysql-master\source\vue\xzs-admin\src\views\exam\question\edit\gap-filling.vue", "Vue", 0, 0, 0, 235, 0, 0, 0, 0, 0, 1, 5, 241
"d:\college\contest\xzs(org)\xzs-mysql-master\xzs-mysql-master\source\vue\xzs-admin\src\views\exam\question\edit\multiple-choice.vue", "Vue", 0, 0, 0, 234, 0, 0, 0, 0, 0, 1, 3, 238
"d:\college\contest\xzs(org)\xzs-mysql-master\xzs-mysql-master\source\vue\xzs-admin\src\views\exam\question\edit\short-answer.vue", "Vue", 0, 0, 0, 198, 0, 0, 0, 0, 0, 1, 3, 202
"d:\college\contest\xzs(org)\xzs-mysql-master\xzs-mysql-master\source\vue\xzs-admin\src\views\exam\question\edit\single-choice.vue", "Vue", 0, 0, 0, 232, 0, 0, 0, 0, 0, 1, 3, 236
"d:\college\contest\xzs(org)\xzs-mysql-master\xzs-mysql-master\source\vue\xzs-admin\src\views\exam\question\edit\true-false.vue", "Vue", 0, 0, 0, 212, 0, 0, 0, 0, 0, 1, 3, 216
"d:\college\contest\xzs(org)\xzs-mysql-master\xzs-mysql-master\source\vue\xzs-admin\src\views\exam\question\list.vue", "Vue", 0, 0, 0, 158, 0, 0, 0, 0, 0, 0, 4, 162
"d:\college\contest\xzs(org)\xzs-mysql-master\xzs-mysql-master\source\vue\xzs-admin\src\views\log\list.vue", "Vue", 0, 0, 0, 67, 0, 0, 0, 0, 0, 0, 4, 71
"d:\college\contest\xzs(org)\xzs-mysql-master\xzs-mysql-master\source\vue\xzs-admin\src\views\login\index.vue", "Vue", 0, 0, 0, 252, 0, 0, 0, 0, 0, 6, 28, 286
"d:\college\contest\xzs(org)\xzs-mysql-master\xzs-mysql-master\source\vue\xzs-admin\src\views\message\list.vue", "Vue", 0, 0, 0, 62, 0, 0, 0, 0, 0, 0, 5, 67
"d:\college\contest\xzs(org)\xzs-mysql-master\xzs-mysql-master\source\vue\xzs-admin\src\views\message\send.vue", "Vue", 0, 0, 0, 101, 0, 0, 0, 0, 0, 0, 4, 105
"d:\college\contest\xzs(org)\xzs-mysql-master\xzs-mysql-master\source\vue\xzs-admin\src\views\paper\edit.vue", "Vue", 0, 0, 0, 150, 0, 0, 0, 0, 0, 0, 1, 151
"d:\college\contest\xzs(org)\xzs-mysql-master\xzs-mysql-master\source\vue\xzs-admin\src\views\paper\read.vue", "Vue", 0, 0, 0, 107, 0, 0, 0, 0, 0, 0, 5, 112
"d:\college\contest\xzs(org)\xzs-mysql-master\xzs-mysql-master\source\vue\xzs-admin\src\views\profile\components\Account.vue", "Vue", 0, 0, 0, 41, 0, 0, 0, 0, 0, 0, 2, 43
"d:\college\contest\xzs(org)\xzs-mysql-master\xzs-mysql-master\source\vue\xzs-admin\src\views\profile\components\Timeline.vue", "Vue", 0, 0, 0, 34, 0, 0, 0, 0, 0, 0, 3, 37
"d:\college\contest\xzs(org)\xzs-mysql-master\xzs-mysql-master\source\vue\xzs-admin\src\views\profile\components\UserCard.vue", "Vue", 0, 0, 0, 100, 0, 0, 0, 0, 0, 0, 18, 118
"d:\college\contest\xzs(org)\xzs-mysql-master\xzs-mysql-master\source\vue\xzs-admin\src\views\profile\index.vue", "Vue", 0, 0, 0, 51, 0, 0, 0, 0, 0, 0, 6, 57
"d:\college\contest\xzs(org)\xzs-mysql-master\xzs-mysql-master\source\vue\xzs-admin\src\views\redirect\index.vue", "Vue", 0, 0, 0, 12, 0, 0, 0, 0, 0, 0, 1, 13
"d:\college\contest\xzs(org)\xzs-mysql-master\xzs-mysql-master\source\vue\xzs-admin\src\views\task\edit.vue", "Vue", 0, 0, 0, 199, 0, 0, 0, 0, 0, 0, 6, 205
"d:\college\contest\xzs(org)\xzs-mysql-master\xzs-mysql-master\source\vue\xzs-admin\src\views\task\list.vue", "Vue", 0, 0, 0, 88, 0, 0, 0, 0, 0, 0, 4, 92
"d:\college\contest\xzs(org)\xzs-mysql-master\xzs-mysql-master\source\vue\xzs-admin\src\views\user\admin\edit.vue", "Vue", 0, 0, 0, 133, 0, 0, 0, 0, 0, 0, 4, 137
"d:\college\contest\xzs(org)\xzs-mysql-master\xzs-mysql-master\source\vue\xzs-admin\src\views\user\admin\list.vue", "Vue", 0, 0, 0, 128, 0, 0, 0, 0, 0, 0, 4, 132
"d:\college\contest\xzs(org)\xzs-mysql-master\xzs-mysql-master\source\vue\xzs-admin\src\views\user\faceImport\edit.vue", "Vue", 0, 0, 0, 0, 0, 0, 0, 0, 0, 0, 1, 1
"d:\college\contest\xzs(org)\xzs-mysql-master\xzs-mysql-master\source\vue\xzs-admin\src\views\user\faceImport\list.vue", "Vue", 0, 0, 0, 70, 0, 0, 0, 0, 0, 32, 4, 106
"d:\college\contest\xzs(org)\xzs-mysql-master\xzs-mysql-master\source\vue\xzs-admin\src\views\user\student\edit.vue", "Vue", 0, 0, 0, 152, 0, 0, 0, 0, 0, 0, 4, 156
"d:\college\contest\xzs(org)\xzs-mysql-master\xzs-mysql-master\source\vue\xzs-admin\src\views\user\student\list.vue", "Vue", 0, 0, 0, 167, 0, 0, 0, 0, 0, 0, 4, 171
"d:\college\contest\xzs(org)\xzs-mysql-master\xzs-mysql-master\source\vue\xzs-admin\vue.config.js", "JavaScript", 49, 0, 0, 0, 0, 0, 0, 0, 0, 1, 3, 53
"Total", "-", 238982, 1, 29185, 6552, 431, 15, 699, 5, 150, 109118, 54295, 439433